Timestamp,What is your favorite color?,Gender?,What is your age? (Optional),What is your Myers-Briggs Type? (Optional)
12/27/2016 8:06:55,,,,
12/27/2016 8:21:34,Pink,Male,18,INTP
12/27/2016 8:31:00,Yellow,Male,18,
12/27/2016 8:32:27,Brown,Female,25,INFJ
12/27/2016 8:37:22,Grey,Male,14,
12/27/2016 8:42:23,Red,Male,26,
12/27/2016 8:42:49,Troll,Female,12,INTJ
12/27/2016 8:43:44,Violet,Female,28,
12/27/2016 8:54:26,Red,Female,18,
12/27/2016 8:58:57,Orange,Male,25,INTP
12/27/2016 8:59:32,Grey,Male,21,INTP
12/27/2016 9:01:30,Green,Female,42,INFJ
12/27/2016 9:02:01,,Female,44,INTJ
12/27/2016 9:02:29,Red,Female,44,INTJ
12/27/2016 9:03:41,,Male,22,
12/27/2016 9:03:58,Violet,Male,23,
12/27/2016 9:06:10,Violet,Male,19,INFJ
12/27/2016 9:10:34,,Male,23,
12/27/2016 9:12:16,Cyan,Female,19,ISFJ
12/27/2016 9:12:48,,Female,31,
12/27/2016 9:13:12,Black,Female,42,
12/27/2016 9:16:34,Green,Female,20,INTJ
12/27/2016 9:17:04,Blue,Other,19,
12/27/2016 9:19:38,Violet,Female,27,
12/27/2016 9:25:41,Violet,Female,30,ISFP
12/27/2016 9:26:47,,,,
12/27/2016 9:28:05,Violet,Male,23,ENFP
12/27/2016 9:28:52,Orange,Male,20,INTJ
12/27/2016 9:29:25,Blue,Female,,
12/27/2016 9:34:29,Green,Male,33,INTJ
12/27/2016 9:39:06,Yellow,Male,18,ENTP
12/27/2016 9:39:19,Violet,Female,27,INTJ
12/27/2016 9:41:55,,Male,21,INFJ
12/27/2016 9:41:57,Blue,Male,16,
12/27/2016 9:42:30,Red,Male,,INTJ
12/27/2016 9:42:31,,,,
12/27/2016 9:43:29,Green,Female,23,ISFP
12/27/2016 9:43:35,Blue,Female,29,INTJ
12/27/2016 9:44:21,Blue,Male,22,INTJ
12/27/2016 9:47:05,Brown,Male,20,ENTJ
12/27/2016 9:47:22,Blue,Female,25,INFP
12/27/2016 9:47:43,Green,Female,20,
12/27/2016 9:49:35,,Male,15,
12/27/2016 9:50:33,Green,Female,23,
12/27/2016 9:50:37,Red,Male,14,
12/27/2016 9:51:36,Red,Female,50,
12/27/2016 9:53:16,,,,
12/27/2016 9:53:21,Green,Female,30,INFJ
12/27/2016 9:53:28,Violet,Other,19,INFJ
12/27/2016 9:54:11,,,,
12/27/2016 9:54:20,,Male,,
12/27/2016 9:54:22,,Female,22,INTJ
12/27/2016 9:54:47,Blue,Female,31,INFP
12/27/2016 9:54:48,Blue,Female,19,
12/27/2016 9:54:51,Blue,Female,16,ESFJ
12/27/2016 9:56:10,Blue,Male,16,ENTP
12/27/2016 9:56:23,Pink,Male,20,
12/27/2016 9:56:31,Green,Male,,
12/27/2016 9:58:13,Blue,Male,39,ENFJ
12/27/2016 9:58:41,Other,Female,36,
12/27/2016 9:58:51,,,,
12/27/2016 10:00:17,Green,Male,,
12/27/2016 10:00:17,,,,
12/27/2016 10:01:35,Violet,Male,28,
12/27/2016 10:01:52,Violet,Male,18,INTJ
12/27/2016 10:02:11,Blue,Male,19,INTJ
12/27/2016 10:02:11,Blue,Female,33,
12/27/2016 10:02:32,Violet,Female,23,ENFP
12/27/2016 10:03:42,Black,Male,20,
12/27/2016 10:03:49,Black,Male,18,
12/27/2016 10:04:07,,,,
12/27/2016 10:04:37,Green,Female,25,
12/27/2016 10:04:37,Violet,Female,25,INFJ
12/27/2016 10:05:57,Green,Female,,
12/27/2016 10:06:27,Red,Female,23,
12/27/2016 10:08:19,Blue,Male,17,
12/27/2016 10:08:38,Red,Male,21,
12/27/2016 10:09:47,Red,Female,24,
12/27/2016 10:10:43,,Male,17,
12/27/2016 10:11:05,Blue,Male,17,
12/27/2016 10:11:29,,Male,34,INTJ
12/27/2016 10:11:53,Orange,Male,34,INTJ
12/27/2016 10:12:33,Green,Male,50,ESTP
12/27/2016 10:12:47,,,,
12/27/2016 10:13:11,Black,Male,51,
12/27/2016 10:13:34,Blue,Male,23,ENTJ
12/27/2016 10:15:22,Blue,Female,28,
12/27/2016 10:15:30,Grey,Male,20,
12/27/2016 10:15:43,,Male,18,ENTP
12/27/2016 10:15:56,Violet,Other,23,INTJ
12/27/2016 10:16:06,Orange,Male,18,ENTP
12/27/2016 10:16:18,Blue,Male,,
12/27/2016 10:17:19,Green,Male,44,INTP
12/27/2016 10:18:02,Violet,Female,20,ENTP
12/27/2016 10:18:19,Green,Female,25,
12/27/2016 10:18:56,Violet,Female,30,ENFJ
12/27/2016 10:19:20,Pink,Male,18,
12/27/2016 10:20:15,Violet,Female,24,
12/27/2016 10:20:55,Red,Male,25,
12/27/2016 10:21:10,Green,Male,25,
12/27/2016 10:22:05,Blue,Male,15,
12/27/2016 10:22:49,Green,Female,,
12/27/2016 10:23:19,,Male,23,INTJ
12/27/2016 10:24:22,Violet,Female,18,
12/27/2016 10:25:07,Blue,Female,23,INTJ
12/27/2016 10:25:34,Blue,Female,23,INFJ
12/27/2016 10:25:35,Other,Male,32,INTJ
12/27/2016 10:26:46,Violet,Female,20,
12/27/2016 10:27:53,Cyan,Male,20,
12/27/2016 10:29:59,Violet,Female,29,ENFP
12/27/2016 10:32:00,Other,Male,18,INTJ
12/27/2016 10:33:10,Blue,Female,16,
12/27/2016 10:33:57,Blue,Male,,
12/27/2016 10:35:11,Black,Male,17,INTP
12/27/2016 10:35:12,Black,Male,17,INTP
12/27/2016 10:36:11,Blue,Male,38,ISFP
12/27/2016 10:37:09,Cyan,Male,,INFP
12/27/2016 10:38:22,Red,Male,20,
12/27/2016 10:39:21,Blue,Male,24,INTP
12/27/2016 10:41:25,Blue,Female,68,
12/27/2016 10:42:18,Black,Female,18,INTJ
12/27/2016 10:42:32,Black,Male,23,INTP
12/27/2016 10:43:36,Blue,Male,27,INTJ
12/27/2016 10:44:04,Black,Male,25,INTP
12/27/2016 10:45:24,Red,Male,18,
12/27/2016 10:45:58,Green,Female,29,ENFP
12/27/2016 10:46:58,Red,Male,32,ENTP
12/27/2016 10:49:26,Cyan,Female,26,INTJ
12/27/2016 10:49:59,Green,Female,28,
12/27/2016 10:51:32,Blue,Male,24,
12/27/2016 10:52:27,Cyan,Female,21,
12/27/2016 10:52:57,Yellow,Female,23,INTP
12/27/2016 10:53:47,Blue,Male,20,
12/27/2016 10:54:22,Violet,Female,26,
12/27/2016 10:54:56,,Male,22,INTJ
12/27/2016 10:55:05,Cyan,Male,22,
12/27/2016 10:55:22,Blue,Male,22,INTJ
12/27/2016 10:55:55,Blue,Male,15,
12/27/2016 10:56:02,Green,Female,22,ISFP
12/27/2016 10:57:01,,Male,20,INTP
12/27/2016 10:58:02,Green,Female,22,INTJ
12/27/2016 10:59:28,Violet,Female,28,ESFP
12/27/2016 11:00:10,,,,
12/27/2016 11:00:14,Violet,Female,27,INTJ
12/27/2016 11:01:24,Violet,Male,23,
12/27/2016 11:02:23,Violet,Female,23,ENTJ
12/27/2016 11:02:25,Cyan,Female,22,
12/27/2016 11:02:25,,,,ESFP
12/27/2016 11:02:30,Violet,Female,29,ESTJ
12/27/2016 11:03:49,,Female,25,ENTJ
12/27/2016 11:03:51,Green,Troll,42,INTJ
12/27/2016 11:04:18,Green,Female,25,ENTJ
12/27/2016 11:04:48,Blue,Other,17,INTJ
12/27/2016 11:05:27,Pink,Female,25,
12/27/2016 11:06:46,Red,Male,20,
12/27/2016 11:06:58,Green,Male,18,INFJ
12/27/2016 11:08:09,Blue,Female,18,INTJ
12/27/2016 11:10:04,,,,
12/27/2016 11:11:02,Green,Female,31,INTJ
12/27/2016 11:11:57,Orange,Male,,
12/27/2016 11:13:11,Red,Male,19,INTP
12/27/2016 11:13:27,Yellow,Male,21,
12/27/2016 11:13:40,Troll,Male,,
12/27/2016 11:13:42,Cyan,Female,17,ENFJ
12/27/2016 11:13:57,Violet,Male,28,
12/27/2016 11:14:00,Troll,Female,,
12/27/2016 11:14:19,Troll,Male,,
12/27/2016 11:14:30,Blue,Female,,ENTP
12/27/2016 11:14:31,Blue,Female,25,
12/27/2016 11:14:36,Troll,Female,33,ENFJ
12/27/2016 11:15:36,,Male,34,
12/27/2016 11:15:37,Green,Male,,
12/27/2016 11:16:52,Red,Female,20,ENTP
12/27/2016 11:17:28,Pink,Female,24,
12/27/2016 11:17:33,Blue,Male,20,
12/27/2016 11:17:41,Blue,Female,16,INTP
12/27/2016 11:17:54,Red,Male,17,
12/27/2016 11:18:45,Orange,Female,20,INFJ
12/27/2016 11:19:31,Green,Female,34,
12/27/2016 11:19:38,Green,Female,24,
12/27/2016 11:19:57,Blue,Male,20,
12/27/2016 11:21:20,Blue,Male,19,
12/27/2016 11:21:58,Blue,Male,27,ENFP
12/27/2016 11:22:11,Violet,Female,31,
12/27/2016 11:24:30,Cyan,Female,25,INTJ
12/27/2016 11:25:46,Blue,Female,23,
12/27/2016 11:27:15,Blue,Male,26,
12/27/2016 11:27:33,Blue,Female,,
12/27/2016 11:28:35,Violet,Female,23,
12/27/2016 11:29:12,Blue,Male,19,ESFJ
12/27/2016 11:29:33,Cyan,Male,13,ENFP
12/27/2016 11:29:41,,,,
12/27/2016 11:32:19,Orange,Female,40,
12/27/2016 11:33:54,Orange,Female,37,INFP
12/27/2016 11:33:57,Violet,Male,36,
12/27/2016 11:34:53,Cyan,Male,25,INTP
12/27/2016 11:35:03,Green,Male,19,ISFP
12/27/2016 11:35:54,Troll,Female,20,INFP
12/27/2016 11:36:03,Blue,Male,18,
12/27/2016 11:38:26,Violet,Male,24,INTP
12/27/2016 11:39:43,Cyan,Female,,
12/27/2016 11:40:05,Blue,Male,30,
12/27/2016 11:41:14,Cyan,Male,,
12/27/2016 11:41:20,Red,Female,33,INTJ
12/27/2016 11:41:36,Green,Male,20,ISTP
12/27/2016 11:42:07,Other,Female,22,ENFP
12/27/2016 11:42:30,Red,Male,17,
12/27/2016 11:42:49,Cyan,Male,,
12/27/2016 11:42:51,Red,Male,19,
12/27/2016 11:43:10,Blue,Male,17,
12/27/2016 11:44:11,Troll,Male,76527,
12/27/2016 11:44:32,Cyan,Female,20,ISTJ
12/27/2016 11:46:04,Orange,Male,,
12/27/2016 11:46:25,Yellow,Male,26,
12/27/2016 11:47:17,Green,Female,30,INTP
12/27/2016 11:48:01,Cyan,Male,19,
12/27/2016 11:48:05,,,,
12/27/2016 11:48:13,Green,Female,28,INFJ
12/27/2016 11:48:53,Blue,Female,27,
12/27/2016 11:49:42,Blue,Male,,
12/27/2016 11:49:44,Green,Female,23,INFJ
12/27/2016 11:53:03,Red,Male,22,
12/27/2016 11:53:30,,,,
12/27/2016 11:54:52,Red,Male,23,INFJ
12/27/2016 11:55:01,Blue,Male,27,INFJ
12/27/2016 11:55:11,Red,Male,,
12/27/2016 11:55:12,,Female,36,INTP
12/27/2016 11:55:26,Black,Female,,INTP
12/27/2016 11:55:35,Violet,Female,16,
12/27/2016 11:56:10,,,,
12/27/2016 11:57:08,Violet,Female,24,
12/27/2016 11:57:17,Orange,Male,,INFJ
12/27/2016 11:57:29,,,,
12/27/2016 11:57:39,Black,Female,,
12/27/2016 11:58:24,Green,Male,18,
12/27/2016 11:59:19,,,,
12/27/2016 12:00:03,Blue,Female,,ENFJ
12/27/2016 12:01:37,,,,
12/27/2016 12:01:50,Blue,Female,,
12/27/2016 12:02:24,Green,Male,22,ISTJ
12/27/2016 12:02:51,Blue,Female,25,
12/27/2016 12:02:58,,Male,,
12/27/2016 12:03:29,Orange,Female,21,INTJ
12/27/2016 12:03:51,Green,Male,19,
12/27/2016 12:04:30,Blue,Female,,INFP
12/27/2016 12:04:32,,Female,30,INFP
12/27/2016 12:04:54,Blue,Male,,
12/27/2016 12:06:26,Cyan,Male,16,INTP
12/27/2016 12:06:32,Green,Other,19,ESFJ
12/27/2016 12:07:43,Red,Male,23,
12/27/2016 12:07:51,Violet,Female,26,
12/27/2016 12:08:11,Violet,Female,21,
12/27/2016 12:08:30,Yellow,Female,31,
12/27/2016 12:09:02,,,,
12/27/2016 12:10:12,Violet,Female,26,INTP
12/27/2016 12:11:33,Green,Male,30,INTJ
12/27/2016 12:11:50,Blue,Female,17,INTP
12/27/2016 12:12:13,Blue,Female,16,
12/27/2016 12:12:31,Blue,Male,22,INTJ
12/27/2016 12:13:00,Green,Female,17,ENFP
12/27/2016 12:13:48,Blue,Male,20,
12/27/2016 12:14:01,Orange,Female,,
12/27/2016 12:14:36,Orange,Female,36,INTJ
12/27/2016 12:14:47,Green,Female,,INFP
12/27/2016 12:14:56,Blue,Male,21,ISTJ
12/27/2016 12:15:01,Black,Female,16,ENTP
12/27/2016 12:15:12,,Male,29,ENTP
12/27/2016 12:15:36,Blue,Male,29,ENTP
12/27/2016 12:16:43,,Male,31,ENTP
12/27/2016 12:17:30,Green,Male,33,INTP
12/27/2016 12:17:45,Blue,Male,,
12/27/2016 12:17:59,Green,Female,28,INTP
12/27/2016 12:18:05,,,,
12/27/2016 12:18:10,Blue,Male,18,
12/27/2016 12:18:41,Blue,Female,,INFP
12/27/2016 12:18:57,Brown,Male,23,
12/27/2016 12:19:21,,Male,,INTJ
12/27/2016 12:19:25,Green,Female,25,INTJ
12/27/2016 12:19:39,Blue,Female,32,
12/27/2016 12:20:02,Green,Male,27,INTJ
12/27/2016 12:20:16,,Female,44,
12/27/2016 12:20:59,Orange,Female,44,
12/27/2016 12:21:17,Cyan,Female,29,INTJ
12/27/2016 12:22:40,Violet,Female,36,
12/27/2016 12:22:40,,,,
12/27/2016 12:23:02,Cyan,Female,34,INTJ
12/27/2016 12:24:21,,,,
12/27/2016 12:24:27,Black,Female,,INTP
12/27/2016 12:24:38,Violet,Female,31,INTJ
12/27/2016 12:26:06,,Female,,ENTP
12/27/2016 12:26:37,Blue,Female,,ENTP
12/27/2016 12:27:07,Other,Female,21,INTJ
12/27/2016 12:27:09,,Female,32,
12/27/2016 12:27:25,Violet,Female,32,
12/27/2016 12:27:44,Black,Male,18,
12/27/2016 12:28:33,,Female,24,
12/27/2016 12:29:24,Orange,Female,25,
12/27/2016 12:29:56,Orange,Female,25,INTJ
12/27/2016 12:30:44,Cyan,Female,,
12/27/2016 12:30:49,Blue,Male,21,INFJ
12/27/2016 12:30:55,Brown,Female,,INTJ
12/27/2016 12:31:48,Blue,Female,35,
12/27/2016 12:32:36,Blue,Female,22,
12/27/2016 12:33:38,Green,Male,31,
12/27/2016 12:33:45,,,,
12/27/2016 12:34:05,Green,Male,15,
12/27/2016 12:34:10,Blue,Female,21,
12/27/2016 12:34:19,Blue,Female,15,ENTJ
12/27/2016 12:34:27,Red,Female,22,INTJ
12/27/2016 12:35:27,Red,Female,,INTP
12/27/2016 12:36:26,Red,Male,17,ENFJ
12/27/2016 12:36:28,Green,Male,19,
12/27/2016 12:36:30,Violet,Female,25,
12/27/2016 12:36:33,,,,
12/27/2016 12:37:10,Violet,Female,,INTP
12/27/2016 12:37:30,Red,Female,23,
12/27/2016 12:37:37,Violet,Male,,
12/27/2016 12:38:06,Yellow,Female,25,
12/27/2016 12:38:27,,,,
12/27/2016 12:38:56,Violet,Male,22,INTP
12/27/2016 12:39:26,Orange,Male,18,INTJ
12/27/2016 12:39:40,Green,Female,18,INFP
12/27/2016 12:40:00,Green,Male,22,
12/27/2016 12:40:12,Green,Female,26,
12/27/2016 12:40:55,Green,Male,20,INTJ
12/27/2016 12:41:03,Violet,Female,24,
12/27/2016 12:41:44,,Female,39,INFP
12/27/2016 12:41:56,Red,Female,21,ENFP
12/27/2016 12:42:03,Orange,Female,39,INFP
12/27/2016 12:42:37,Green,Male,25,INTP
12/27/2016 12:43:10,,,,
12/27/2016 12:44:08,Violet,Female,27,INTP
12/27/2016 12:44:27,Blue,Male,21,INTJ
12/27/2016 12:44:31,Green,Male,27,
12/27/2016 12:46:14,Blue,Male,19,
12/27/2016 12:46:32,Red,Male,20,ESFJ
12/27/2016 12:46:47,Green,Male,16,INTP
12/27/2016 12:47:27,Violet,Female,23,INTJ
12/27/2016 12:47:52,Violet,Male,20,INTJ
12/27/2016 12:47:59,Orange,Male,17,INTJ
12/27/2016 12:48:08,Black,Male,20,ISFJ
12/27/2016 12:48:56,Cyan,Female,23,INTJ
12/27/2016 12:49:16,Black,Male,20,INTP
12/27/2016 12:49:58,Green,Male,47,INTJ
12/27/2016 12:50:29,Red,Male,,
12/27/2016 12:51:12,Blue,Male,23,
12/27/2016 12:52:03,,Male,37,
12/27/2016 12:52:12,Green,Male,,
12/27/2016 12:53:28,Other,Female,26,
12/27/2016 12:53:52,Grey,Female,25,
12/27/2016 12:54:11,Green,Male,,
12/27/2016 12:55:10,Red,Female,,
12/27/2016 12:55:16,Cyan,Male,23,ENFP
12/27/2016 12:55:38,Green,Female,20,ISFP
12/27/2016 12:55:54,,,,
12/27/2016 12:56:13,Black,Male,,
12/27/2016 12:56:19,Violet,Female,21,INFJ
12/27/2016 12:58:42,Orange,Male,26,
12/27/2016 12:59:22,Violet,Female,18,INFP
12/27/2016 12:59:39,Green,Male,,INTP
12/27/2016 13:00:01,Troll,Male,22,
12/27/2016 13:00:02,,,,
12/27/2016 13:00:17,,,,
12/27/2016 13:00:19,White,Female,21,INTP
12/27/2016 13:00:22,Green,Female,21,
12/27/2016 13:00:42,Red,Male,,
12/27/2016 13:01:03,Cyan,Female,20,INTJ
12/27/2016 13:02:23,,Female,28,INTP
12/27/2016 13:02:29,Red,Female,,INTJ
12/27/2016 13:02:41,,,,
12/27/2016 13:02:42,Cyan,Female,24,INFP
12/27/2016 13:03:20,Orange,Male,21,
12/27/2016 13:04:23,Green,Female,,INFP
12/27/2016 13:05:04,Green,Female,22,
12/27/2016 13:05:05,Red,Female,19,INTJ
12/27/2016 13:05:09,Blue,Male,19,ISFJ
12/27/2016 13:06:07,,,,
12/27/2016 13:06:57,Blue,Male,28,INTJ
12/27/2016 13:07:31,Blue,Male,24,ENTJ
12/27/2016 13:08:08,Green,Female,35,INTP
12/27/2016 13:08:08,Magenta,Male,18,
12/27/2016 13:08:26,Violet,Female,27,
12/27/2016 13:08:26,Blue,Male,21,ENFP
12/27/2016 13:08:45,Orange,Male,20,
12/27/2016 13:09:25,Violet,Female,21,INTP
12/27/2016 13:09:43,Orange,Male,23,INTJ
12/27/2016 13:10:27,Blue,Female,31,INFJ
12/27/2016 13:11:02,,,,
12/27/2016 13:11:19,Yellow,Male,,
12/27/2016 13:11:29,Other,Female,,
12/27/2016 13:12:09,Green,Female,20,ESFP
12/27/2016 13:13:37,Green,Female,,
12/27/2016 13:14:18,,Male,31,INFP
12/27/2016 13:14:24,,,,
12/27/2016 13:14:45,Green,Male,31,INFP
12/27/2016 13:14:54,Blue,Female,26,ISTJ
12/27/2016 13:16:31,Cyan,Male,23,
12/27/2016 13:16:48,Blue,Male,19,
12/27/2016 13:17:07,Green,Male,21,
12/27/2016 13:18:59,Cyan,Male,15,
12/27/2016 13:19:10,Cyan,Male,23,
12/27/2016 13:19:24,Blue,Male,31,ISTP
12/27/2016 13:21:05,Blue,Male,28,INFJ
12/27/2016 13:22:15,Green,Male,34,INTP
12/27/2016 13:24:48,,,,
12/27/2016 13:26:59,Cyan,Female,37,
12/27/2016 13:27:07,,,,
12/27/2016 13:27:08,Cyan,Male,20,ISTP
12/27/2016 13:32:27,Blue,Female,22,INTJ
12/27/2016 13:32:33,Violet,Female,27,
12/27/2016 13:32:43,,Male,20,ENTP
12/27/2016 13:33:09,Pink,Male,26,INTP
12/27/2016 13:33:21,Green,Male,21,INTJ
12/27/2016 13:33:52,,,,
12/27/2016 13:33:55,Red,Female,17,ENTJ
12/27/2016 13:34:28,Violet,Female,32,
12/27/2016 13:34:54,Violet,Male,35,
12/27/2016 13:36:02,Blue,Male,23,INTJ
12/27/2016 13:36:32,Grey,Female,,
12/27/2016 13:37:16,Black,Female,22,INFJ
12/27/2016 13:37:35,Blue,Male,,
12/27/2016 13:38:16,,,,
12/27/2016 13:38:20,Blue,Female,24,INFJ
12/27/2016 13:38:27,,,,
12/27/2016 13:39:28,Violet,Female,19,
12/27/2016 13:39:18,,,,
12/27/2016 13:39:32,,,,
12/27/2016 13:39:36,,,,
12/27/2016 13:39:42,Brown,Male,18,
12/27/2016 13:40:29,Violet,Female,23,ISFP
12/27/2016 13:40:39,Grey,Female,26,INFJ
12/27/2016 13:41:10,,,,
12/27/2016 13:41:23,Blue,Female,20,
12/27/2016 13:41:40,Violet,Male,23,
12/27/2016 13:42:00,,,,
12/27/2016 13:42:27,Red,Female,22,INFJ
12/27/2016 13:42:47,Orange,Male,20,
12/27/2016 13:42:47,Cyan,Male,16,INFP
12/27/2016 13:43:06,Orange,Female,18,INFP
12/27/2016 13:43:43,Green,Female,16,INFJ
12/27/2016 13:44:03,Cyan,Female,,ENTJ
12/27/2016 13:45:22,Red,Male,16,
12/27/2016 13:47:36,Red,Female,23,INFP
12/27/2016 13:49:18,,,,
12/27/2016 13:49:28,Orange,Female,34,
12/27/2016 13:50:44,Red,Female,32,
12/27/2016 13:50:56,Cyan,Male,22,
12/27/2016 13:51:06,,Female,,
12/27/2016 13:51:09,Blue,Male,,
12/27/2016 13:54:35,Grey,Male,19,INTP
12/27/2016 13:56:35,Violet,Female,38,INTJ
12/27/2016 13:56:36,Cyan,Female,28,ENFP
12/27/2016 13:56:39,Violet,Male,25,
12/27/2016 13:57:38,Red,Male,20,
12/27/2016 13:57:45,Black,Female,20,
12/27/2016 13:57:51,Orange,Male,34,INFJ
12/27/2016 13:58:02,Cyan,Other,18,INFJ
12/27/2016 13:59:59,,Male,32,
12/27/2016 14:00:20,Black,Male,32,
12/27/2016 14:03:01,Green,Male,21,
12/27/2016 14:03:04,Grey,Male,,
12/27/2016 14:03:08,,,,
12/27/2016 14:03:43,Green,Male,,
12/27/2016 14:03:59,Green,Female,30,ENFJ
12/27/2016 14:04:33,Violet,Male,26,
12/27/2016 14:04:37,Green,Female,17,INTP
12/27/2016 14:05:37,Violet,Female,39,INFP
12/27/2016 14:06:39,Magenta,Male,20,
12/27/2016 14:07:24,Cyan,Male,17,INTJ
12/27/2016 14:08:22,Blue,,16,INFJ
12/27/2016 14:08:53,Green,Male,20,INTJ
12/27/2016 14:08:58,,Male,19,INTJ
12/27/2016 14:09:08,Black,Male,20,
12/27/2016 14:09:26,Blue,Male,19,INTJ
12/27/2016 14:10:20,Black,Female,23,INFP
12/27/2016 14:10:24,Blue,Female,50,
12/27/2016 14:10:24,Pink,Male,18,
12/27/2016 14:10:35,Green,Male,32,
12/27/2016 14:11:48,Orange,Female,33,
12/27/2016 14:11:48,Other,Female,20,INTP
12/27/2016 14:11:57,Red,Other,19,ISFP
12/27/2016 14:12:49,Blue,Female,36,
12/27/2016 14:12:58,Blue,Male,28,
12/27/2016 14:13:13,,,,
12/27/2016 14:13:23,Violet,Female,22,INFJ
12/27/2016 14:14:56,,,,
12/27/2016 14:15:01,Green,Male,23,INTJ
12/27/2016 14:15:10,,,,
12/27/2016 14:15:34,,Male,36,INTP
12/27/2016 14:16:37,Violet,Female,30,
12/27/2016 14:19:35,Blue,Male,20,
12/27/2016 14:19:59,Orange,Female,27,ENTP
12/27/2016 14:21:00,Blue,Male,21,
12/27/2016 14:21:18,Blue,Female,16,INFP
12/27/2016 14:21:25,Violet,Female,40,
12/27/2016 14:22:55,Yellow,Female,20,ISTJ
12/27/2016 14:22:57,Black,Male,22,
12/27/2016 14:23:38,Pink,Female,17,INTJ
12/27/2016 14:23:40,Green,Male,23,
12/27/2016 14:24:06,Red,Male,18,INTP
12/27/2016 14:24:08,Yellow,Female,29,ENFJ
12/27/2016 14:24:47,Blue,Male,15,
12/27/2016 14:24:57,Orange,Male,17,
12/27/2016 14:26:06,,Female,32,INTP
12/27/2016 14:27:08,Red,Female,27,
12/27/2016 14:27:19,Cyan,Female,18,
12/27/2016 14:27:47,,Male,26,
12/27/2016 14:28:04,Green,Male,26,
12/27/2016 14:28:56,Blue,Female,32,
12/27/2016 14:29:33,Blue,Female,24,INTJ
12/27/2016 14:29:44,Green,Male,14,
12/27/2016 14:29:56,Blue,Male,23,
12/27/2016 14:30:05,Blue,Male,27,
12/27/2016 14:30:14,Other,Female,32,ENTJ
12/27/2016 14:30:40,,Female,,
12/27/2016 14:31:22,Grey,Female,36,
12/27/2016 14:31:23,Blue,Female,22,INFJ
12/27/2016 14:31:44,Blue,Male,26,INFJ
12/27/2016 14:32:00,Violet,Male,17,
12/27/2016 14:33:08,,Male,20,INFJ
12/27/2016 14:33:14,Violet,Male,16,
12/27/2016 14:34:33,Violet,Female,22,
12/27/2016 14:35:25,Blue,Male,19,INFP
12/27/2016 14:35:28,,,,
12/27/2016 14:35:31,Grey,Male,32,
12/27/2016 14:35:55,Green,Female,,
12/27/2016 14:36:22,Cyan,Female,19,
12/27/2016 14:36:35,Grey,Female,,
12/27/2016 14:36:37,Blue,Female,18,INFJ
12/27/2016 14:36:43,Green,Male,17,
12/27/2016 14:37:00,,,,
12/27/2016 14:37:10,,,,
12/27/2016 14:37:29,Red,Male,,
12/27/2016 14:37:33,Blue,Female,,
12/27/2016 14:37:38,Orange,Female,22,ENTP
12/27/2016 14:38:10,Green,Male,17,
12/27/2016 14:38:12,Green,Female,28,ISFP
12/27/2016 14:38:28,Violet,Male,16,
12/27/2016 14:41:00,,,,
12/27/2016 14:41:56,Red,Male,22,ENTP
12/27/2016 14:42:02,Green,Male,22,ESTJ
12/27/2016 14:42:04,Blue,Male,22,ENFP
12/27/2016 14:42:37,Violet,Female,34,ISTJ
12/27/2016 14:42:51,Red,Male,21,INTP
12/27/2016 14:43:16,Violet,Female,16,INFP
12/27/2016 14:43:23,Orange,Male,23,ESTP
12/27/2016 14:44:06,Blue,Male,20,
12/27/2016 14:44:53,Red,Male,,
12/27/2016 14:44:57,,,,
12/27/2016 14:44:57,Red,Male,20,
12/27/2016 14:45:00,Green,Male,16,INTP
12/27/2016 14:45:03,Orange,Male,19,ESFP
12/27/2016 14:45:31,,,,
12/27/2016 14:45:34,Blue,Female,21,INFP
12/27/2016 14:46:16,Orange,Female,20,
12/27/2016 14:46:45,Blue,Male,26,
12/27/2016 14:46:45,Green,Female,40,
12/27/2016 14:46:56,Green,Male,16,INTP
12/27/2016 14:47:41,Blue,Male,38,
12/27/2016 14:51:00,Green,Female,28,ISFJ
12/27/2016 14:51:50,Violet,Female,21,
12/27/2016 14:52:41,Green,Male,19,ISTP
12/27/2016 14:53:54,Brown,Male,22,
12/27/2016 14:54:08,Grey,Male,25,INFJ
12/27/2016 14:54:16,Other,Male,23,INTJ
12/27/2016 14:55:06,Pink,Female,23,INFJ
12/27/2016 14:58:21,Green,Male,24,INFJ
12/27/2016 14:59:40,,,,
12/27/2016 15:01:26,,,,
12/27/2016 15:01:45,Red,Male,21,
12/27/2016 15:01:52,Yellow,Female,,
12/27/2016 15:02:16,Blue,Male,21,
12/27/2016 15:02:27,Blue,Male,15,
12/27/2016 15:04:01,Green,Female,24,
12/27/2016 15:04:21,Green,Female,30,
12/27/2016 15:04:46,,,,
12/27/2016 15:05:38,Troll,Male,24,
12/27/2016 15:06:25,Grey,Female,,
12/27/2016 15:07:45,Violet,Female,30,INTJ
12/27/2016 15:08:13,Blue,Female,,ISFP
12/27/2016 15:09:25,Grey,Male,20,ENTP
12/27/2016 15:09:31,Blue,Male,,
12/27/2016 15:10:14,Cyan,Male,21,INTP
12/27/2016 15:10:33,Black,Female,,
12/27/2016 15:13:40,Troll,Male,,
12/27/2016 15:14:27,Pink,Female,25,ISFJ
12/27/2016 15:14:57,Blue,Female,22,
12/27/2016 15:15:59,Green,Male,24,
12/27/2016 15:16:29,Blue,Female,24,INFP
12/27/2016 15:17:47,Green,Male,19,INTJ
12/27/2016 15:17:49,Blue,Male,15,ENTP
12/27/2016 15:19:00,Grey,Male,27,INTJ
12/27/2016 15:20:02,Pink,Female,22,
12/27/2016 15:20:12,Blue,Male,,
12/27/2016 15:20:15,Green,Male,16,
12/27/2016 15:20:19,Orange,Female,29,INTJ
12/27/2016 15:20:38,Black,Male,19,
12/27/2016 15:21:57,Violet,Female,35,INTJ
12/27/2016 15:22:25,Red,Female,18,INTP
12/27/2016 15:22:27,Blue,Male,30,ENTP
12/27/2016 15:23:38,Blue,Female,18,INTJ
12/27/2016 15:24:11,Blue,Female,19,
12/27/2016 15:24:38,Violet,Female,,
12/27/2016 15:24:48,Yellow,Female,23,
12/27/2016 15:25:39,Orange,Male,19,
12/27/2016 15:25:42,Violet,Female,25,
12/27/2016 15:25:57,Black,Female,17,INTJ
12/27/2016 15:25:59,Blue,Male,25,
12/27/2016 15:26:43,Violet,Female,,
12/27/2016 15:27:14,Yellow,Female,16,
12/27/2016 15:27:15,Green,Female,38,
12/27/2016 15:28:01,Blue,Female,24,INTJ
12/27/2016 15:28:04,Green,Female,22,INTJ
12/27/2016 15:28:11,Blue,Female,33,
12/27/2016 15:30:27,Blue,Female,24,
12/27/2016 15:31:30,Blue,Male,26,ENTJ
12/27/2016 15:31:42,Violet,Male,,
12/27/2016 15:32:05,Black,Male,17,
12/27/2016 15:33:02,Grey,Female,,
12/27/2016 15:34:02,,Male,33,
12/27/2016 15:34:15,Grey,Male,33,
12/27/2016 15:34:26,Blue,Male,27,INTJ
12/27/2016 15:34:33,Green,Female,,
12/27/2016 15:34:44,Violet,Male,22,ENFP
12/27/2016 15:35:59,Orange,Male,23,ENTP
12/27/2016 15:36:18,Blue,Male,19,INTJ
12/27/2016 15:36:41,Blue,Male,36,
12/27/2016 15:37:47,Green,Male,18,
12/27/2016 15:37:59,Black,Male,30,
12/27/2016 15:40:37,,Male,18,INTJ
12/27/2016 15:40:46,,,,
12/27/2016 15:41:51,Red,Male,17,ENTP
12/27/2016 15:42:11,Red,Female,22,ENTP
12/27/2016 15:42:21,Red,Other,17,
12/27/2016 15:42:36,Pink,Male,27,INTJ
12/27/2016 15:42:55,Blue,Male,19,
12/27/2016 15:43:23,Red,Female,41,
12/27/2016 15:44:04,Black,Male,16,
12/27/2016 15:44:06,Red,Male,15,
12/27/2016 15:44:08,Green,Male,19,INTJ
12/27/2016 15:44:15,Black,Male,25,
12/27/2016 15:46:26,Blue,Female,26,
12/27/2016 15:49:10,Other,Female,28,ISFJ
12/27/2016 15:49:19,Red,Female,17,ENTJ
12/27/2016 15:49:58,Blue,Male,,
12/27/2016 15:50:02,Violet,Male,,ENFP
12/27/2016 15:50:11,Green,Male,19,ENTP
12/27/2016 15:50:55,Red,Male,19,
12/27/2016 15:51:17,Blue,Female,26,INTP
12/27/2016 15:52:16,Orange,Male,17,INTP
12/27/2016 15:52:25,Red,Male,18,
12/27/2016 15:52:26,Red,Male,,
12/27/2016 15:52:56,Black,Male,24,ISTP
12/27/2016 15:54:06,,,,
12/27/2016 15:54:23,Violet,Male,24,
12/27/2016 15:54:25,Yellow,Female,21,INTP
12/27/2016 15:54:43,,,,
12/27/2016 15:55:21,Blue,Male,16,INFP
12/27/2016 15:55:53,Blue,Male,20,
12/27/2016 15:56:49,Green,Female,24,
12/27/2016 15:56:56,Red,Male,24,ESTP
12/27/2016 15:57:50,Green,Female,29,INTP
12/27/2016 15:57:55,Orange,Male,,ESTJ
12/27/2016 15:57:59,Cyan,Male,18,ESTJ
12/27/2016 15:58:52,,,,
12/27/2016 16:00:21,Orange,Male,,
12/27/2016 16:02:31,Red,Male,31,
12/27/2016 16:02:55,Green,Female,25,INTP
12/27/2016 16:03:37,Violet,Male,,
12/27/2016 16:03:37,Green,Female,25,
12/27/2016 16:04:47,Violet,Male,,
12/27/2016 16:05:34,Cyan,Female,31,
12/27/2016 16:06:06,,,,
12/27/2016 16:06:13,Red,Female,,INTP
12/27/2016 16:07:04,Red,Female,42,
12/27/2016 16:07:17,Cyan,Female,,
12/27/2016 16:07:56,Green,Female,27,INFP
12/27/2016 16:08:25,,,,
12/27/2016 16:08:39,Grey,Female,,INFJ
12/27/2016 16:10:02,Blue,Female,33,INFP
12/27/2016 16:10:19,Orange,Female,17,ENFP
12/27/2016 16:10:32,Black,Male,34,ENFJ
12/27/2016 16:10:46,Blue,Male,22,
12/27/2016 16:11:00,Orange,Female,30,
12/27/2016 16:11:24,Green,Male,,
12/27/2016 16:12:26,Violet,Female,25,
12/27/2016 16:12:49,Blue,Male,24,
12/27/2016 16:13:17,Red,Female,20,ENTJ
12/27/2016 16:13:25,Blue,Male,17,
12/27/2016 16:14:11,Orange,Female,32,ENTP
12/27/2016 16:14:54,Blue,Male,51,INTP
12/27/2016 16:17:06,Violet,Male,21,INTJ
12/27/2016 16:17:23,,Male,,INTJ
12/27/2016 16:17:50,Black,Male,21,INTJ
12/27/2016 16:18:27,Brown,Male,29,INTJ
12/27/2016 16:18:39,Yellow,Female,21,ENFJ
12/27/2016 16:19:50,Blue,Other,19,INFJ
12/27/2016 16:21:12,Grey,Female,15,INTJ
12/27/2016 16:23:05,Green,Female,20,
12/27/2016 16:25:04,Green,Female,27,INTJ
12/27/2016 16:26:27,Blue,Male,21,ENFJ
12/27/2016 16:27:14,Green,Female,44,INFP
12/27/2016 16:27:18,,Female,19,
12/27/2016 16:28:06,Blue,Male,19,ISFJ
12/27/2016 16:28:37,Red,Male,20,
12/27/2016 16:29:11,,Female,32,
12/27/2016 16:29:18,Green,Male,18,
12/27/2016 16:29:28,Green,Female,32,
12/27/2016 16:31:04,Cyan,Female,24,
12/27/2016 16:31:28,Red,Male,,
12/27/2016 16:32:04,Black,Female,31,INTJ
12/27/2016 16:32:53,,,,
12/27/2016 16:32:54,Green,Male,32,INTP
12/27/2016 16:35:13,,Male,22,INTJ
12/27/2016 16:36:09,Yellow,Male,14,
12/27/2016 16:36:14,Cyan,Male,23,
12/27/2016 16:36:37,Red,Female,30,INTP
12/27/2016 16:36:55,Green,Female,27,ISTP
12/27/2016 16:37:17,,Male,19,
12/27/2016 16:37:35,Green,Male,19,
12/27/2016 16:38:00,Red,Female,17,INFP
12/27/2016 16:38:08,Pink,Female,,
12/27/2016 16:38:14,Blue,Male,16,INFP
12/27/2016 16:38:43,Black,Male,16,INTP
12/27/2016 16:38:59,Yellow,Female,15,
12/27/2016 16:39:22,Blue,Female,14,
12/27/2016 16:39:40,Blue,Male,15,
12/27/2016 16:39:45,Pink,Male,22,INTJ
12/27/2016 16:39:46,Pink,Male,22,INTJ
12/27/2016 16:39:51,Pink,Male,22,INTJ
12/27/2016 16:39:56,Pink,Male,22,INTJ
12/27/2016 16:40:00,Pink,Male,22,INTJ
12/27/2016 16:41:04,Green,Male,23,ISTP
12/27/2016 16:41:35,Pink,Male,22,INTJ
12/27/2016 16:41:49,Green,Female,23,
12/27/2016 16:43:22,,,,
12/27/2016 16:43:28,Yellow,Male,14,INFP
12/27/2016 16:44:47,,,,
12/27/2016 16:45:16,White,Male,22,
12/27/2016 16:45:19,,Male,30,ESFP
12/27/2016 16:45:59,Blue,Male,32,
12/27/2016 16:46:34,Red,Male,19,INTJ
12/27/2016 16:47:25,Orange,Female,18,
12/27/2016 16:50:15,Brown,Male,17,INTP
12/27/2016 16:50:18,Green,Male,17,
12/27/2016 16:50:30,Green,Male,30,ESFP
12/27/2016 16:50:42,Green,Male,19,ENTJ
12/27/2016 16:51:03,Violet,Female,26,
12/27/2016 16:51:05,Blue,Male,,
12/27/2016 16:51:15,Red,Male,,
12/27/2016 16:51:23,,Female,24,ENFJ
12/27/2016 16:51:49,Cyan,Female,24,ENFJ
12/27/2016 16:52:18,Red,Male,29,
12/27/2016 16:52:49,Black,Female,18,ENTP
12/27/2016 16:53:13,Blue,Male,18,
12/27/2016 16:53:23,Yellow,Male,23,INTJ
12/27/2016 16:53:24,Blue,Male,20,INTP
12/27/2016 16:53:42,Green,Other,22,INTP
12/27/2016 16:54:03,Green,Male,18,ENTP
12/27/2016 16:54:41,Green,Female,21,
12/27/2016 16:56:31,,,,
12/27/2016 16:56:40,Brown,Male,,
12/27/2016 16:57:45,Blue,Male,19,
12/27/2016 16:58:27,Green,Male,34,INTJ
12/27/2016 16:58:53,Blue,Male,,
12/27/2016 17:01:13,Green,Female,28,
12/27/2016 17:01:19,Blue,Female,,INFJ
12/27/2016 17:02:33,Blue,Male,20,ENFP
12/27/2016 17:03:27,Violet,Female,28,
12/27/2016 17:04:10,Orange,Male,17,INTP
12/27/2016 17:04:14,,Troll,,
12/27/2016 17:04:22,Violet,Male,25,ENFJ
12/27/2016 17:04:23,Grey,Male,21,
12/27/2016 17:04:25,Violet,Male,16,
12/27/2016 17:04:27,,Troll,,
12/27/2016 17:06:05,Blue,Female,16,
12/27/2016 17:07:52,Blue,Male,,
12/27/2016 17:08:14,Other,Female,25,ISFJ
12/27/2016 17:09:00,Red,Male,20,
12/27/2016 17:09:21,,,,
12/27/2016 17:09:35,Cyan,Female,18,INFP
12/27/2016 17:10:01,Violet,Male,16,INTP
12/27/2016 17:10:08,,,,
12/27/2016 17:10:18,Green,Female,29,
12/27/2016 17:10:46,Green,Male,18,INFP
12/27/2016 17:11:42,Green,Female,,
12/27/2016 17:12:53,Brown,Male,,INTP
12/27/2016 17:13:10,Red,Male,19,
12/27/2016 17:13:12,Green,Male,27,
12/27/2016 17:13:19,Cyan,Male,15,
12/27/2016 17:13:58,Blue,Male,19,ISFJ
12/27/2016 17:14:26,Cyan,Female,24,INTP
12/27/2016 17:14:41,Violet,Male,28,INTP
12/27/2016 17:15:17,Cyan,Female,23,INFP
12/27/2016 17:17:11,,Female,28,INTP
12/27/2016 17:20:13,Red,Male,54,
12/27/2016 17:22:13,Violet,Male,17,
12/27/2016 17:23:35,Violet,Male,20,
12/27/2016 17:24:30,Blue,Female,23,
12/27/2016 17:24:30,Green,Female,21,INFJ
12/27/2016 17:25:54,Blue,Male,18,INTJ
12/27/2016 17:26:02,Violet,Female,29,INFP
12/27/2016 17:26:08,Cyan,Female,18,
12/27/2016 17:26:17,Troll,Troll,20,
12/27/2016 17:27:12,Green,Male,26,ENFP
12/27/2016 17:27:24,Blue,Female,25,
12/27/2016 17:27:33,Violet,Female,16,INTP
12/27/2016 17:28:59,,,,
12/27/2016 17:29:35,,,,
12/27/2016 17:30:18,Black,Female,16,ENFJ
12/27/2016 17:31:51,Green,Female,17,ISTJ
12/27/2016 17:31:52,White,Male,17,INTP
12/27/2016 17:32:14,Red,Male,23,
12/27/2016 17:34:01,Blue,Male,21,INFP
12/27/2016 17:35:22,Blue,Male,25,INTJ
12/27/2016 17:37:23,Violet,Male,23,ENTP
12/27/2016 17:37:50,Pink,Female,25,
12/27/2016 17:37:57,Blue,Male,14,
12/27/2016 17:38:05,Violet,Male,24,
12/27/2016 17:38:14,Violet,Male,18,
12/27/2016 17:38:48,,,,
12/27/2016 17:39:04,Green,Female,28,INFJ
12/27/2016 17:39:12,Blue,Male,22,ENTP
12/27/2016 17:39:24,Cyan,Female,47,
12/27/2016 17:39:43,,,,
12/27/2016 17:39:53,Violet,Female,40,INTJ
12/27/2016 17:41:03,Yellow,Female,19,INFP
12/27/2016 17:42:33,Green,Female,28,
12/27/2016 17:42:44,Yellow,Male,14,
12/27/2016 17:42:55,Black,Female,20,INFJ
12/27/2016 17:43:06,Blue,Male,28,
12/27/2016 17:43:16,Green,Male,,
12/27/2016 17:44:09,Green,Female,30,
12/27/2016 17:44:56,Green,Male,15,
12/27/2016 17:46:41,Blue,Female,42,
12/27/2016 17:46:56,Green,Other,19,ISTJ
12/27/2016 17:47:01,Violet,Male,20,INTP
12/27/2016 17:47:37,,,,
12/27/2016 17:48:00,Green,Male,,
12/27/2016 17:48:23,Blue,Male,28,INTJ
12/27/2016 17:50:45,Orange,Male,25,ENTJ
12/27/2016 17:50:53,Blue,Male,27,
12/27/2016 17:51:26,,Female,27,ENTP
12/27/2016 17:51:58,Black,Female,27,ENTP
12/27/2016 17:52:06,Black,Female,19,
12/27/2016 17:53:51,Red,Male,18,ENTJ
12/27/2016 17:54:55,Blue,Female,,
12/27/2016 17:56:01,Blue,Male,16,INTP
12/27/2016 17:58:07,Red,Male,27,
12/27/2016 17:58:16,,,,
12/27/2016 17:58:46,Red,Female,35,INTJ
12/27/2016 17:58:47,Yellow,Male,30,
12/27/2016 17:58:49,,Female,25,INFJ
12/27/2016 18:00:19,Violet,Male,23,INTP
12/27/2016 18:01:40,Green,Male,22,
12/27/2016 18:01:44,Green,Male,48,INTP
12/27/2016 18:02:24,Brown,Female,29,
12/27/2016 18:02:30,,,,
12/27/2016 18:02:41,Grey,Other,,ENFP
12/27/2016 18:02:58,Red,Male,19,
12/27/2016 18:03:28,Cyan,Male,20,
12/27/2016 18:03:39,Black,Female,37,
12/27/2016 18:04:04,Blue,Female,22,INFP
12/27/2016 18:04:26,Green,Male,30,INTJ
12/27/2016 18:05:19,Blue,Male,24,
12/27/2016 18:05:59,Violet,Male,18,INTP
12/27/2016 18:07:03,,Female,28,
12/27/2016 18:07:20,Blue,Female,15,
12/27/2016 18:07:22,,,,
12/27/2016 18:07:32,Orange,Female,28,
12/27/2016 18:07:57,Red,Male,21,
12/27/2016 18:08:07,Green,Female,27,
12/27/2016 18:08:08,Black,Male,16,
12/27/2016 18:08:42,Blue,Male,35,INTP
12/27/2016 18:09:35,Red,Male,,
12/27/2016 18:09:49,Orange,Male,28,
12/27/2016 18:11:51,Violet,Female,20,INFJ
12/27/2016 18:12:53,Green,Male,24,INFJ
12/27/2016 18:12:58,Blue,Female,46,INTJ
12/27/2016 18:13:13,Blue,Troll,18,ENTJ
12/27/2016 18:14:04,Green,Male,22,
12/27/2016 18:15:03,Blue,Female,17,INTP
12/27/2016 18:15:30,,,,
12/27/2016 18:15:36,White,Male,,
12/27/2016 18:15:51,,,,
12/27/2016 18:16:01,Green,Male,23,
12/27/2016 18:16:10,Grey,Female,25,
12/27/2016 18:17:08,Other,Male,,INTP
12/27/2016 18:18:54,Blue,Male,22,INTJ
12/27/2016 18:19:03,Pink,Female,27,INFJ
12/27/2016 18:19:17,Violet,Male,14,INTJ
12/27/2016 18:19:50,Brown,Male,22,
12/27/2016 18:20:12,Violet,Male,22,INTJ
12/27/2016 18:20:36,Blue,Male,,
12/27/2016 18:20:51,Blue,Male,,
12/27/2016 18:24:29,Blue,Male,16,ENTP
12/27/2016 18:26:18,Other,Male,,
12/27/2016 18:27:34,Blue,Female,21,
12/27/2016 18:28:04,Blue,Female,23,INTP
12/27/2016 18:29:25,Troll,Male,20,ENFJ
12/27/2016 18:30:41,Blue,Male,23,INFP
12/27/2016 18:30:42,Violet,Male,17,
12/27/2016 18:31:02,,,,
12/27/2016 18:31:36,Grey,Female,24,
12/27/2016 18:31:48,Green,Male,15,
12/27/2016 18:32:20,Blue,Male,17,ENTP
12/27/2016 18:33:03,Green,Male,,
12/27/2016 18:33:50,Pink,Female,26,
12/27/2016 18:34:21,Black,Male,24,INTJ
12/27/2016 18:34:23,Orange,Female,43,
12/27/2016 18:35:14,Green,Male,39,INTJ
12/27/2016 18:35:21,,,,
12/27/2016 18:35:45,,,,
12/27/2016 18:36:15,Black,Female,13,INFP
12/27/2016 18:36:22,Violet,Female,19,
12/27/2016 18:38:03,Blue,Male,19,ENTJ
12/27/2016 18:38:03,Green,Female,23,INFP
12/27/2016 18:38:13,,Male,19,
12/27/2016 18:38:30,Grey,Male,19,
12/27/2016 18:39:57,,,,
12/27/2016 18:40:38,Violet,Male,,
12/27/2016 18:41:56,,,,
12/27/2016 18:42:03,Grey,Male,28,
12/27/2016 18:42:29,Blue,Male,17,INTP
12/27/2016 18:42:49,Cyan,Female,24,INFP
12/27/2016 18:43:16,Grey,Female,38,ENTJ
12/27/2016 18:43:34,Green,Female,27,INTJ
12/27/2016 18:44:36,Red,Male,,
12/27/2016 18:44:58,Violet,Female,20,INFJ
12/27/2016 18:45:51,Violet,Female,27,INFJ
12/27/2016 18:47:16,Violet,Female,19,INFJ
12/27/2016 18:47:22,Grey,Other,21,
12/27/2016 18:47:43,Black,Female,20,
12/27/2016 18:48:54,Blue,Male,37,
12/27/2016 18:49:53,Green,Female,29,
12/27/2016 18:50:08,Blue,Female,29,
12/27/2016 18:51:32,Orange,Female,23,ENTJ
12/27/2016 18:52:17,Violet,Troll,19,INTP
12/27/2016 18:52:19,Blue,Female,19,INFJ
12/27/2016 18:52:34,Green,Female,19,ISTP
12/27/2016 18:52:39,Cyan,Female,20,INFJ
12/27/2016 18:53:02,Red,Female,22,INTJ
12/27/2016 18:53:04,Red,Female,,INFJ
12/27/2016 18:55:31,,,,
12/27/2016 18:58:07,,Male,26,INTJ
12/27/2016 18:58:08,,,,
12/27/2016 18:58:30,Green,Male,23,INFJ
12/27/2016 18:58:45,Grey,Male,26,INTJ
12/27/2016 18:59:24,Red,Female,23,INFJ
12/27/2016 18:59:46,,Female,25,INTJ
12/27/2016 19:00:02,,Male,43,
12/27/2016 19:00:04,Yellow,Female,25,INTJ
12/27/2016 19:00:14,Blue,Male,,
12/27/2016 19:01:51,Cyan,Male,23,ESTP
12/27/2016 19:04:35,Green,Male,19,ENTP
12/27/2016 19:04:48,,,,
12/27/2016 19:04:54,Violet,Female,23,
12/27/2016 19:06:28,Green,Male,23,
12/27/2016 19:06:34,Violet,Female,21,
12/27/2016 19:06:51,Green,Female,22,ENFJ
12/27/2016 19:06:55,,Female,20,ENFP
12/27/2016 19:07:18,Black,Female,20,ENFP
12/27/2016 19:08:01,Green,Male,32,
12/27/2016 19:09:07,,,,
12/27/2016 19:10:01,Orange,Male,32,
12/27/2016 19:10:22,,Female,27,INTJ
12/27/2016 19:10:37,Violet,Female,27,INTJ
12/27/2016 19:11:32,Grey,Male,20,INTP
12/27/2016 19:11:37,Green,Male,22,INFJ
12/27/2016 19:12:51,Violet,Female,22,INFJ
12/27/2016 19:13:48,Pink,Female,17,ISTJ
12/27/2016 19:14:45,Blue,Male,21,ENFP
12/27/2016 19:15:05,,,,
12/27/2016 19:16:45,Other,Male,17,
12/27/2016 19:18:56,Orange,Male,16,ISTJ
12/27/2016 19:19:01,Red,Male,,
12/27/2016 19:19:04,Grey,Male,18,
12/27/2016 19:19:26,,,,
12/27/2016 19:20:18,Red,Male,19,INFP
12/27/2016 19:20:58,Green,Female,37,INTJ
12/27/2016 19:21:14,Green,Other,17,INTJ
12/27/2016 19:21:16,Violet,Male,19,ENTP
12/27/2016 19:22:58,Black,Male,,
12/27/2016 19:22:58,Blue,Female,21,INTP
12/27/2016 19:23:18,Blue,Male,20,ENTP
12/27/2016 19:23:43,Violet,Female,22,INTJ
12/27/2016 19:23:50,Blue,Male,17,
12/27/2016 19:24:36,,,,
12/27/2016 19:25:13,Violet,Male,,
12/27/2016 19:26:08,Blue,Male,30,ENTJ
12/27/2016 19:26:22,White,Male,19,INTJ
12/27/2016 19:26:29,Violet,Other,18,INFJ
12/27/2016 19:26:47,Green,Male,21,ISTJ
12/27/2016 19:26:59,Blue,Male,16,ISTJ
12/27/2016 19:27:27,,,,
12/27/2016 19:27:31,Green,Female,21,
12/27/2016 19:27:32,,Female,24,INTJ
12/27/2016 19:27:41,Violet,Female,25,
12/27/2016 19:28:00,Green,Female,24,INTJ
12/27/2016 19:28:04,Red,Female,23,INFJ
12/27/2016 19:28:24,Green,Male,28,ISTP
12/27/2016 19:28:56,Violet,Female,30,
12/27/2016 19:30:11,Green,Male,30,
12/27/2016 19:32:22,Green,Male,19,
12/27/2016 19:32:40,Cyan,Female,24,INTJ
12/27/2016 19:33:17,,,,
12/27/2016 19:33:22,Blue,Female,,
12/27/2016 19:33:54,,,,
12/27/2016 19:34:54,Yellow,Male,20,INTP
12/27/2016 19:35:22,,,,
12/27/2016 19:35:25,Red,Female,27,ISTJ
12/27/2016 19:36:33,Troll,Male,2000,ENTP
12/27/2016 19:38:27,,,,
12/27/2016 19:38:38,Green,Male,21,
12/27/2016 19:38:58,Blue,Male,20,
12/27/2016 19:40:26,Black,Male,21,INTJ
12/27/2016 19:40:44,Violet,Male,20,ENTJ
12/27/2016 19:41:20,Brown,Female,19,INTJ
12/27/2016 19:42:19,Violet,Female,30,INFP
12/27/2016 19:44:22,Black,Female,21,ENFP
12/27/2016 19:44:55,,,,
12/27/2016 19:46:12,Black,Female,27,ENTJ
12/27/2016 19:46:56,Violet,Male,18,
12/27/2016 19:47:34,,Female,22,INTJ
12/27/2016 19:48:04,Green,Female,23,INTJ
12/27/2016 19:50:06,Blue,Male,28,
12/27/2016 19:50:23,Violet,Female,18,INFJ
12/27/2016 19:50:33,Green,Male,21,INTJ
12/27/2016 19:52:04,,,,
12/27/2016 19:52:24,Green,Female,32,
12/27/2016 19:53:22,Green,Female,21,
12/27/2016 19:53:23,,Female,41,
12/27/2016 19:53:44,Cyan,Female,41,
12/27/2016 19:55:50,,Male,,ENTJ
12/27/2016 19:56:01,Blue,Male,36,INTJ
12/27/2016 19:56:13,Orange,Male,,ENTJ
12/27/2016 19:56:24,Orange,Male,18,INTJ
12/27/2016 19:57:10,Green,Male,23,INFJ
12/27/2016 19:57:56,Blue,Male,26,INTJ
12/27/2016 19:59:07,Green,Female,53,
12/27/2016 19:59:14,Green,Male,20,ISFJ
12/27/2016 20:00:15,Red,Male,,
12/27/2016 20:00:16,Cyan,Female,20,
12/27/2016 20:01:20,Green,Male,20,INTJ
12/27/2016 20:01:30,Green,Female,27,INFP
12/27/2016 20:01:48,,,,INFP
12/27/2016 20:02:05,Pink,Female,20,INFJ
12/27/2016 20:02:10,,,,
12/27/2016 20:02:58,Green,Female,44,INFJ
12/27/2016 20:04:04,Blue,Male,19,ISTJ
12/27/2016 20:04:35,Yellow,Male,21,
12/27/2016 20:07:11,Blue,Female,34,INTP
12/27/2016 20:07:27,Red,Female,29,ESTJ
12/27/2016 20:07:41,Cyan,Female,17,ESFP
12/27/2016 20:07:58,Red,Male,18,
12/27/2016 20:08:20,Red,Male,18,INTJ
12/27/2016 20:08:55,Yellow,Female,21,
12/27/2016 20:09:06,Pink,Female,25,ISTJ
12/27/2016 20:09:27,Pink,Female,21,
12/27/2016 20:09:37,Red,Female,23,ISFJ
12/27/2016 20:10:00,Cyan,Female,25,INTJ
12/27/2016 20:11:03,Blue,Male,,
12/27/2016 20:12:07,Brown,Male,,INTP
12/27/2016 20:13:11,Blue,Male,13,INTJ
12/27/2016 20:13:24,Blue,Female,33,INFJ
12/27/2016 20:13:51,Red,Male,,ISFP
12/27/2016 20:14:38,,Male,18,
12/27/2016 20:14:45,Magenta,Male,,
12/27/2016 20:14:48,Blue,Male,,
12/27/2016 20:15:31,,,,
12/27/2016 20:16:16,,Male,34,
12/27/2016 20:16:26,White,Male,,
12/27/2016 20:16:41,Green,Male,34,
12/27/2016 20:18:55,Cyan,Female,31,
12/27/2016 20:19:33,Blue,Male,21,
12/27/2016 20:19:58,Blue,Female,28,
12/27/2016 20:20:50,,,,
12/27/2016 20:22:52,Green,Male,21,INFP
12/27/2016 20:25:12,Grey,Male,,INFP
12/27/2016 20:25:35,Violet,Female,24,INTJ
12/27/2016 20:25:50,Blue,Male,,ENFJ
12/27/2016 20:26:20,Green,Male,24,INTJ
12/27/2016 20:26:31,Blue,Male,19,INTP
12/27/2016 20:26:56,Pink,Male,16,ISTJ
12/27/2016 20:29:12,Blue,Female,,
12/27/2016 20:30:14,,Male,24,
12/27/2016 20:30:34,Blue,Male,24,
12/27/2016 20:31:34,Green,Female,20,INTJ
12/27/2016 20:31:35,,Female,29,
12/27/2016 20:31:55,,Female,27,
12/27/2016 20:32:02,Green,Male,26,INTJ
12/27/2016 20:32:37,Blue,Male,21,
12/27/2016 20:33:29,Violet,Male,18,
12/27/2016 20:33:53,Blue,Female,21,INFJ
12/27/2016 20:34:52,,Male,,
12/27/2016 20:35:01,Cyan,Male,21,
12/27/2016 20:35:41,Violet,Male,18,INTP
12/27/2016 20:36:07,,Female,25,
12/27/2016 20:36:11,,,,
12/27/2016 20:36:43,Green,Male,26,
12/27/2016 20:36:52,Violet,Female,26,INFP
12/27/2016 20:38:38,Green,Female,38,INTJ
12/27/2016 20:40:06,Green,Female,,
12/27/2016 20:41:02,Blue,Male,21,
12/27/2016 20:42:07,Violet,Male,25,
12/27/2016 20:42:24,,Male,,
12/27/2016 20:42:26,Yellow,Female,25,INTP
12/27/2016 20:42:36,Blue,Male,15,INFJ
12/27/2016 20:42:41,Violet,Male,,INTP
12/27/2016 20:43:42,Green,Female,25,INTJ
12/27/2016 20:43:52,Red,Male,24,
12/27/2016 20:44:20,Red,Male,19,
12/27/2016 20:44:48,Cyan,Troll,,
12/27/2016 20:45:47,Green,Male,26,
12/27/2016 20:45:52,Green,Female,47,ENFP
12/27/2016 20:46:36,Black,Male,,
12/27/2016 20:46:44,Green,Female,19,INTJ
12/27/2016 20:46:48,,,,
12/27/2016 20:47:34,Grey,Female,26,INFP
12/27/2016 20:49:26,Grey,Male,16,ENTP
12/27/2016 20:49:49,Green,Male,20,
12/27/2016 20:50:17,Violet,Female,26,INTJ
12/27/2016 20:50:30,,,,
12/27/2016 20:50:39,Violet,Male,20,ISFP
12/27/2016 20:50:51,Red,Female,29,INTJ
12/27/2016 20:51:18,Yellow,Female,25,
12/27/2016 20:52:49,Red,Female,22,ISTJ
12/27/2016 20:52:55,Violet,Female,23,
12/27/2016 20:54:16,Pink,Male,17,ENFP
12/27/2016 20:54:27,Yellow,Male,24,INTJ
12/27/2016 20:54:42,,,,
12/27/2016 20:55:36,Red,Male,18,ISTP
12/27/2016 20:56:12,Green,Female,32,
12/27/2016 20:58:01,Orange,Female,20,
12/27/2016 20:58:07,,Female,,
12/27/2016 20:58:29,Red,Female,,
12/27/2016 20:59:27,Other,Male,21,
12/27/2016 20:59:48,Green,Male,23,
12/27/2016 21:00:10,,Female,20,
12/27/2016 21:00:13,Black,Female,31,INTP
12/27/2016 21:00:55,Blue,Male,22,
12/27/2016 21:02:21,,,,
12/27/2016 21:03:20,Blue,Female,26,
12/27/2016 21:03:57,Green,Male,13,INTP
12/27/2016 21:04:13,Violet,Female,28,
12/27/2016 21:04:21,Green,Female,19,INTJ
12/27/2016 21:04:47,Red,Male,22,INTJ
12/27/2016 21:06:46,,,,
12/27/2016 21:06:52,Blue,Male,23,
12/27/2016 21:07:50,Green,Male,24,INTJ
12/27/2016 21:07:52,,,,
12/27/2016 21:07:55,,,,
12/27/2016 21:08:06,,,,
12/27/2016 21:10:16,Orange,Male,28,ENFP
12/27/2016 21:10:21,Blue,Male,15,INTP
12/27/2016 21:11:38,Blue,Male,33,
12/27/2016 21:12:02,,,,
12/27/2016 21:15:06,Blue,Male,36,ISTJ
12/27/2016 21:15:19,Blue,Male,25,INFJ
12/27/2016 21:17:24,Green,Male,28,INFP
12/27/2016 21:17:34,Blue,Female,,
12/27/2016 21:21:47,Violet,Male,22,
12/27/2016 21:22:59,Green,Other,26,
12/27/2016 21:23:15,Red,Male,,
12/27/2016 21:23:22,,Female,25,
12/27/2016 21:23:50,,,,
12/27/2016 21:24:19,Violet,Male,20,INFP
12/27/2016 21:25:39,Red,Female,32,INTJ
12/27/2016 21:25:59,Blue,Male,32,INTP
12/27/2016 21:26:28,,Female,27,
12/27/2016 21:26:52,Blue,Female,23,INFJ
12/27/2016 21:27:20,Violet,Female,27,
12/27/2016 21:27:24,Violet,Male,14,INFP
12/27/2016 21:29:12,Orange,Male,21,
12/27/2016 21:29:12,Black,Male,18,
12/27/2016 21:29:41,,Male,32,INTJ
12/27/2016 21:30:00,Green,Female,26,INFJ
12/27/2016 21:30:07,,Male,,INTJ
12/27/2016 21:30:14,Orange,Female,20,INFP
12/27/2016 21:30:24,Violet,Male,,INTJ
12/27/2016 21:30:32,Black,Female,,ISTJ
12/27/2016 21:30:38,,,,
12/27/2016 21:30:42,Red,Male,,
12/27/2016 21:31:31,Blue,Male,34,INTJ
12/27/2016 21:32:23,Violet,Female,23,ENTJ
12/27/2016 21:33:17,Black,Female,19,INTJ
12/27/2016 21:34:43,Yellow,Female,24,
12/27/2016 21:35:04,Green,Male,29,INTJ
12/27/2016 21:36:16,Red,Female,19,
12/27/2016 21:36:17,Blue,Male,36,
12/27/2016 21:36:48,Violet,Female,35,
12/27/2016 21:37:13,Blue,Male,17,
12/27/2016 21:37:56,Red,Male,16,
12/27/2016 21:38:03,Violet,Female,30,
12/27/2016 21:38:20,Yellow,Female,,INTP
12/27/2016 21:38:25,Blue,Other,21,INTJ
12/27/2016 21:39:30,Blue,Female,30,
12/27/2016 21:39:40,,,,
12/27/2016 21:41:05,,,,
12/27/2016 21:41:38,Blue,Male,15,ENTJ
12/27/2016 21:44:06,Red,Male,,
12/27/2016 21:44:46,Red,Male,24,
12/27/2016 21:50:18,Pink,Female,22,INTJ
12/27/2016 21:53:18,,,,
12/27/2016 21:53:56,Orange,Female,22,
12/27/2016 21:54:06,Troll,Female,26,INTP
12/27/2016 21:54:12,Blue,Female,50,INTJ
12/27/2016 21:54:47,Brown,Female,26,INTP
12/27/2016 21:54:57,Grey,Other,22,INFP
12/27/2016 21:55:49,Yellow,Female,21,ENTP
12/27/2016 21:56:41,Violet,Female,22,INTJ
12/27/2016 21:57:29,Blue,Male,25,
12/27/2016 22:00:48,Black,Male,29,INFP
12/27/2016 22:01:40,Violet,Female,23,
12/27/2016 22:02:16,White,Male,21,
12/27/2016 22:02:32,Red,Female,29,
12/27/2016 22:05:22,Green,Male,21,ENFJ
12/27/2016 22:05:56,Red,Male,,
12/27/2016 22:06:15,Blue,Male,34,INFP
12/27/2016 22:06:18,Red,Male,18,INTP
12/27/2016 22:07:05,Black,Female,22,INTJ
12/27/2016 22:08:21,Blue,Female,21,INFJ
12/27/2016 22:08:23,Blue,Male,17,
12/27/2016 22:09:28,Black,Female,19,
12/27/2016 22:09:44,Blue,Male,20,INTJ
12/27/2016 22:09:59,Green,Female,,INFJ
12/27/2016 22:10:13,Blue,Female,24,INTJ
12/27/2016 22:10:34,Green,Male,22,INFJ
12/27/2016 22:10:57,Black,Female,21,
12/27/2016 22:12:29,Green,Male,31,INFJ
12/27/2016 22:12:36,Violet,Male,13,
12/27/2016 22:12:49,Red,Male,50,
12/27/2016 22:12:57,Grey,Male,22,
12/27/2016 22:13:53,,,,
12/27/2016 22:14:16,Blue,Male,,INTJ
12/27/2016 22:16:20,Blue,Female,,
12/27/2016 22:16:26,,,,
12/27/2016 22:16:33,Grey,Male,25,
12/27/2016 22:18:12,Green,Female,26,
12/27/2016 22:19:29,,,,
12/27/2016 22:20:49,Blue,Male,16,INTJ
12/27/2016 22:20:54,Grey,Female,22,INTJ
12/27/2016 22:21:33,Green,Female,34,INTJ
12/27/2016 22:22:56,Green,Female,27,INTP
12/27/2016 22:23:53,,,,
12/27/2016 22:23:56,Yellow,Male,18,
12/27/2016 22:25:06,,Male,22,INTJ
12/27/2016 22:25:35,Green,Male,22,INTJ
12/27/2016 22:27:01,Orange,Male,17,INTJ
12/27/2016 22:27:17,Black,Female,21,ENTP
12/27/2016 22:27:23,Violet,Female,32,INFJ
12/27/2016 22:27:41,Green,Female,26,INTJ
12/27/2016 22:27:48,Green,Male,38,INTJ
12/27/2016 22:27:52,Green,Male,17,INTP
12/27/2016 22:28:12,Green,Male,16,ISTJ
12/27/2016 22:28:13,Blue,Female,28,INFJ
12/27/2016 22:28:22,Blue,Male,16,ISFJ
12/27/2016 22:28:59,Cyan,Female,21,
12/27/2016 22:29:09,Green,Female,,
12/27/2016 22:30:12,Blue,Male,41,ISFJ
12/27/2016 22:31:00,Blue,Male,,
12/27/2016 22:32:13,Blue,Female,23,INFJ
12/27/2016 22:32:25,Violet,Female,31,INTJ
12/27/2016 22:32:26,Green,Female,19,
12/27/2016 22:33:43,Blue,Male,16,
12/27/2016 22:33:43,,Female,27,
12/27/2016 22:34:06,Pink,Female,27,
12/27/2016 22:35:31,Cyan,Male,22,INFJ
12/27/2016 22:35:38,Violet,Male,18,ENTJ
12/27/2016 22:36:07,Orange,Female,28,INTJ
12/27/2016 22:36:23,Green,Female,21,ENTJ
12/27/2016 22:37:29,Red,Female,,
12/27/2016 22:37:51,Blue,Female,23,
12/27/2016 22:38:09,Grey,Male,21,INTJ
12/27/2016 22:38:35,Yellow,Male,22,ENTJ
12/27/2016 22:39:23,Blue,Female,29,INTJ
12/27/2016 22:43:00,Brown,Male,30,INTP
12/27/2016 22:43:06,Green,Male,22,
12/27/2016 22:43:18,,,,
12/27/2016 22:43:21,,,,
12/27/2016 22:45:01,Cyan,Female,24,INFP
12/27/2016 22:45:02,Grey,Female,19,INTJ
12/27/2016 22:46:33,Blue,Female,21,INTJ
12/27/2016 22:46:49,Violet,Male,18,ISTP
12/27/2016 22:47:01,Green,Other,21,INTP
12/27/2016 22:48:48,Green,Male,22,
12/27/2016 22:49:35,Blue,Male,22,INFP
12/27/2016 22:49:35,,,,
12/27/2016 22:50:10,Red,Female,26,ISTJ
12/27/2016 22:51:22,Troll,Female,299,INTJ
12/27/2016 22:51:35,Blue,Female,26,ISTJ
12/27/2016 22:52:01,Blue,Male,18,
12/27/2016 22:52:21,Blue,Male,18,INFP
12/27/2016 22:52:34,Blue,Troll,21,ENFJ
12/27/2016 22:52:56,Violet,Male,23,INTJ
12/27/2016 22:53:28,Brown,Male,30,INTP
12/27/2016 22:53:35,Blue,Male,,ENTJ
12/27/2016 22:54:07,Blue,Female,,
12/27/2016 22:54:21,Violet,Female,,ENTJ
12/27/2016 22:54:32,Green,Female,27,
12/27/2016 22:55:42,Green,Male,24,INTP
12/27/2016 22:55:54,,Female,,
12/27/2016 22:56:02,Orange,Female,33,
12/27/2016 22:56:12,Green,Female,,ISTJ
12/27/2016 22:56:41,Blue,Male,,
12/27/2016 22:57:17,,,,
12/27/2016 22:57:21,Blue,Female,24,INTJ
12/27/2016 22:58:33,Violet,Male,19,INTJ
12/27/2016 22:58:53,Blue,Male,14,
12/27/2016 23:00:05,Red,Female,25,
12/27/2016 23:00:25,,Female,,INFJ
12/27/2016 23:01:12,Blue,Female,18,INFP
12/27/2016 23:01:18,,Male,28,INTP
12/27/2016 23:01:34,Blue,Male,19,
12/27/2016 23:01:43,,Male,23,
12/27/2016 23:02:35,,,,INFP
12/27/2016 23:03:59,Red,Male,20,ISTJ
12/27/2016 23:05:23,Orange,Female,26,INTJ
12/27/2016 23:06:21,Other,Male,16,INTP
12/27/2016 23:07:35,Green,Female,59,
12/27/2016 23:07:47,Blue,Male,20,ISTP
12/27/2016 23:09:48,Orange,Female,21,INFP
12/27/2016 23:10:50,Red,Female,26,
12/27/2016 23:12:49,Blue,Male,19,
12/27/2016 23:14:44,,,,
12/27/2016 23:14:50,Blue,Male,,ISFP
12/27/2016 23:16:47,Pink,Female,32,
12/27/2016 23:17:44,Green,Male,25,INFP
12/27/2016 23:18:24,Green,Female,32,
12/27/2016 23:20:55,,Male,26,INTP
12/27/2016 23:21:19,Green,Male,26,INTP
12/27/2016 23:22:43,Blue,Female,26,INTJ
12/27/2016 23:22:43,Green,Female,32,
12/27/2016 23:24:11,Red,Female,52,
12/27/2016 23:24:58,Blue,Male,24,INTJ
12/27/2016 23:27:11,Green,Female,25,INTJ
12/27/2016 23:27:51,,Male,,
12/27/2016 23:28:07,Green,Male,,
12/27/2016 23:28:45,,,,
12/27/2016 23:29:57,Orange,Male,18,INTJ
12/27/2016 23:30:42,Troll,Male,22,
12/27/2016 23:30:49,Grey,Male,20,ISTJ
12/27/2016 23:30:50,Green,Male,,
12/27/2016 23:32:08,Black,Male,20,
12/27/2016 23:33:31,Green,Male,21,INTJ
12/27/2016 23:34:16,,,,
12/27/2016 23:34:56,,,,
12/27/2016 23:39:16,Pink,Female,,ISTJ
12/27/2016 23:40:38,,Female,21,INFJ
12/27/2016 23:41:03,Green,Female,21,INFJ
12/27/2016 23:41:23,,,,
12/27/2016 23:42:35,Blue,Female,21,INFJ
12/27/2016 23:44:26,Violet,Other,,
12/27/2016 23:44:54,Red,Male,,INTP
12/27/2016 23:44:59,Orange,Male,24,
12/27/2016 23:46:46,Violet,Male,19,ESFP
12/27/2016 23:46:58,,,,
12/27/2016 23:50:41,Red,Female,17,ENFJ
12/27/2016 23:50:55,Yellow,Female,22,INFJ
12/27/2016 23:51:54,,,,
12/27/2016 23:53:36,Green,Female,22,
12/27/2016 23:53:39,Blue,Female,28,ENFJ
12/27/2016 23:53:47,Yellow,Male,17,
12/27/2016 23:58:32,Black,Male,22,
12/27/2016 23:59:32,Green,Female,23,INTP
12/28/2016 0:00:06,Blue,Female,26,
12/28/2016 0:00:18,Green,Male,26,INTJ
12/28/2016 0:00:45,Blue,Female,19,
12/28/2016 0:01:29,Violet,Female,23,
12/28/2016 0:02:54,Blue,Male,55,ENTP
12/28/2016 0:03:03,Cyan,Male,,INFP
12/28/2016 0:03:16,,,,
12/28/2016 0:03:22,Blue,Female,27,
12/28/2016 0:04:20,Violet,Female,26,INFP
12/28/2016 0:07:56,Blue,Male,20,INTJ
12/28/2016 0:09:12,Cyan,Female,27,
12/28/2016 0:11:16,Green,Male,20,ISTJ
12/28/2016 0:11:42,Cyan,Female,25,INFP
12/28/2016 0:14:19,Violet,Male,19,ISTJ
12/28/2016 0:14:53,Cyan,Female,,ENTJ
12/28/2016 0:14:30,Grey,Female,31,ENTJ
12/28/2016 0:15:07,Troll,Troll,420,
12/28/2016 0:15:26,Blue,Male,,
12/28/2016 0:17:19,Violet,Male,20,ISTP
12/28/2016 0:18:49,Red,Female,25,ESFP
12/28/2016 0:18:55,Orange,Male,,
12/28/2016 0:19:45,Blue,Male,18,
12/28/2016 0:21:37,Red,Male,17,
12/28/2016 0:23:24,,,,
12/28/2016 0:25:18,,,,
12/28/2016 0:25:23,,,,
12/28/2016 0:25:27,,,,
12/28/2016 0:25:33,,,,
12/28/2016 0:25:56,Blue,Male,16,
12/28/2016 0:27:04,Violet,Female,23,INFJ
12/28/2016 0:28:52,Green,Male,28,
12/28/2016 0:29:37,Green,Male,,
12/28/2016 0:29:21,Violet,Male,20,
12/28/2016 0:30:45,Cyan,Female,21,INTP
12/28/2016 0:32:20,Blue,Female,,
12/28/2016 0:32:47,Green,Male,17,INTJ
12/28/2016 0:33:03,Violet,Male,18,ENTP
12/28/2016 0:33:37,Green,Female,33,
12/28/2016 0:37:39,,,,
12/28/2016 0:39:53,Yellow,Female,15,INTP
12/28/2016 0:41:05,Green,Female,29,INFJ
12/28/2016 0:41:57,,Male,28,
12/28/2016 0:42:01,Red,Male,23,ENFP
12/28/2016 0:42:23,Green,Male,28,
12/28/2016 0:42:53,Orange,Male,26,INFP
12/28/2016 0:43:35,,Male,23,INTP
12/28/2016 0:43:35,Green,Male,21,INFJ
12/28/2016 0:43:46,,Male,,INTP
12/28/2016 0:44:01,Green,Male,23,INTP
12/28/2016 0:44:38,Green,Male,20,
12/28/2016 0:47:21,Green,Male,21,
12/28/2016 0:49:40,Green,Male,30,
12/28/2016 0:50:49,,Female,27,INTJ
12/28/2016 0:51:52,Blue,Female,27,INTJ
12/28/2016 0:51:53,Black,Male,15,
12/28/2016 0:53:11,Blue,Male,18,ISTJ
12/28/2016 0:55:22,Yellow,Male,20,
12/28/2016 0:55:37,Violet,Female,30,INFJ
12/28/2016 0:56:02,Red,Male,21,
12/28/2016 0:57:12,Green,Male,,
12/28/2016 0:59:11,,,,
12/28/2016 1:02:05,Black,Female,24,INTP
12/28/2016 1:03:24,Green,Female,21,
12/28/2016 1:05:05,Blue,Female,22,
12/28/2016 1:05:16,Blue,Female,30,
12/28/2016 1:06:27,Green,Male,18,
12/28/2016 1:06:50,Green,Other,34,INFP
12/28/2016 1:09:34,Blue,Female,28,INFJ
12/28/2016 1:11:58,Blue,Male,14,ISTP
12/28/2016 1:13:59,Blue,Male,16,ENFP
12/28/2016 1:15:45,,,,
12/28/2016 1:16:22,Pink,Female,24,INTJ
12/28/2016 1:17:13,Yellow,Male,18,ENTP
12/28/2016 1:18:35,Red,Female,21,INFJ
12/28/2016 1:18:47,Blue,Male,15,ISTJ
12/28/2016 1:19:14,Cyan,Female,16.91666667,INFJ
12/28/2016 1:19:16,Blue,Female,54,ISFJ
12/28/2016 1:20:09,Blue,Male,27,
12/28/2016 1:20:24,Blue,Female,30,
12/28/2016 1:26:16,Red,Male,,
12/28/2016 1:27:14,Yellow,Female,,
12/28/2016 1:28:32,Violet,Male,18,
12/28/2016 1:28:45,Violet,Female,18,
12/28/2016 1:30:25,Orange,Female,30,
12/28/2016 1:31:22,Cyan,Male,18,INTJ
12/28/2016 1:35:39,Other,Male,28,
12/28/2016 1:35:00,,,,
12/28/2016 1:40:58,,,,
12/28/2016 1:41:16,Blue,Female,19,ENTJ
12/28/2016 1:41:49,Blue,Female,19,INTJ
12/28/2016 1:42:54,Blue,Female,,
12/28/2016 1:43:18,Blue,Female,,ENFJ
12/28/2016 1:43:39,,Male,21,ENTP
12/28/2016 1:44:06,Violet,Male,25,INTP
12/28/2016 1:44:41,Pink,Female,18,ENFJ
12/28/2016 1:47:11,Cyan,Female,30,
12/28/2016 1:47:27,Green,Female,22,
12/28/2016 1:48:17,Blue,Male,23,ENTP
12/28/2016 1:49:07,,Female,26,
12/28/2016 1:49:26,Red,Female,26,
12/28/2016 1:49:56,,,,
12/28/2016 1:50:00,,Female,32,INTP
12/28/2016 1:50:38,Green,Female,32,INTP
12/28/2016 1:51:31,Other,Male,23,INTJ
12/28/2016 1:52:24,Red,Male,25,INTP
12/28/2016 1:58:46,Red,Male,19,
12/28/2016 2:02:42,,Male,22,INTP
12/28/2016 2:03:08,Blue,Male,22,INTP
12/28/2016 2:03:31,Violet,Male,20,INFP
12/28/2016 2:05:31,,,,
12/28/2016 2:09:35,Yellow,Male,18,INFP
12/28/2016 2:11:54,Green,Male,15,ISTJ
12/28/2016 2:12:41,Blue,Female,,
12/28/2016 2:15:26,Green,Male,25,INTJ
12/28/2016 2:24:03,Black,Male,20,ENFP
12/28/2016 2:25:05,Red,Female,25,ESFP
12/28/2016 2:25:53,,Female,44,INTP
12/28/2016 2:26:59,Violet,Female,44,INTP
12/28/2016 2:30:16,Black,Female,20,INFJ
12/28/2016 2:31:54,Violet,Male,30,INTJ
12/28/2016 2:36:04,,,,
12/28/2016 2:41:14,Red,Male,20,
12/28/2016 2:42:08,Violet,Female,24,
12/28/2016 2:42:15,Orange,Female,23,INTP
12/28/2016 2:47:39,Violet,Male,17,
12/28/2016 2:48:38,,Female,25,ENFP
12/28/2016 2:49:04,Blue,Female,25,ENFP
12/28/2016 2:57:22,Violet,Male,15,
12/28/2016 2:59:51,Blue,Female,30,INTJ
12/28/2016 3:04:19,Orange,Female,22,INTJ
12/28/2016 3:06:01,Yellow,Female,19,ISTP
12/28/2016 3:06:35,Orange,Male,19,INTP
12/28/2016 3:07:05,,Female,46,
12/28/2016 3:07:31,Green,Male,18,
12/28/2016 3:09:26,Violet,Female,22,
12/28/2016 3:09:35,Green,Male,28,ISTJ
12/28/2016 3:09:45,Cyan,Female,38,
12/28/2016 3:17:32,Black,Male,22,INTP
12/28/2016 3:20:27,Pink,Female,23,INFP
12/28/2016 3:27:05,Other,Male,21,
12/28/2016 3:29:22,Black,Male,20,INTP
12/28/2016 3:31:11,Magenta,Male,31,INTP
12/28/2016 3:34:53,Blue,Female,23,ESFP
12/28/2016 3:35:29,Blue,Male,18,
12/28/2016 3:36:09,Green,Female,22,
12/28/2016 3:41:16,Yellow,Female,22,INTJ
12/28/2016 3:45:10,Black,Female,35,INTJ
12/28/2016 3:50:30,Green,Female,15,
12/28/2016 3:52:35,Yellow,Female,21,INTJ
12/28/2016 3:53:34,Orange,Male,22,INTP
12/28/2016 4:01:47,Blue,Female,,
12/28/2016 4:10:17,Blue,Female,24,INTJ
12/28/2016 4:13:53,Blue,Male,17,
12/28/2016 4:15:01,Blue,Male,19,
12/28/2016 4:21:21,Grey,Other,28,INTP
12/28/2016 4:22:44,Violet,Male,19,INFJ
12/28/2016 4:23:37,,,,
12/28/2016 4:23:59,Green,Male,18,INTJ
12/28/2016 4:24:44,,,,
12/28/2016 4:29:24,Violet,Male,29,INTJ
12/28/2016 4:31:34,Red,Male,24,ENTP
12/28/2016 4:35:31,Other,Male,22,INTP
12/28/2016 4:37:21,Orange,Male,18,INTJ
12/28/2016 4:39:00,Orange,Male,18,ENTJ
12/28/2016 4:39:27,Orange,Male,18,INTJ
12/28/2016 4:41:29,Black,Female,22,ISTP
12/28/2016 4:42:08,Red,Male,22,
12/28/2016 4:43:26,Red,Female,,INTP
12/28/2016 4:51:47,Orange,Female,,ENFP
12/28/2016 4:48:04,Cyan,Other,27,INTP
12/28/2016 4:50:00,Orange,Male,21,
12/28/2016 4:56:34,Blue,Male,18,INTJ
12/28/2016 5:03:13,Orange,Male,18,
12/28/2016 5:06:19,Blue,Male,20,
12/28/2016 5:09:27,Green,Male,37,INFP
12/28/2016 5:16:20,Blue,Female,,ISTP
12/28/2016 5:25:06,Violet,Female,23,INFP
12/28/2016 5:29:54,Violet,Male,18,
12/28/2016 5:31:38,Black,Other,23,ENFP
12/28/2016 5:35:06,Grey,Female,27,ISFP
12/28/2016 5:52:21,,,,INTP
12/28/2016 5:58:37,Orange,Male,29,INTP
12/28/2016 6:00:17,Green,Male,21,
12/28/2016 6:03:58,Violet,Female,28,
12/28/2016 6:06:59,Black,Female,21,
12/28/2016 6:11:39,Other,Male,30,INTP
12/28/2016 6:16:23,Red,Male,20,ISTP
12/28/2016 6:20:45,Blue,Female,18,
12/28/2016 6:29:51,Black,Male,22,INTP
12/28/2016 6:33:05,Grey,Female,33,
12/28/2016 6:37:04,Violet,Male,18,
12/28/2016 6:43:08,Cyan,Female,20,INTJ
12/28/2016 6:44:50,Green,Male,16,
12/28/2016 6:46:07,Blue,Male,15,
12/28/2016 6:48:55,Violet,Female,25,
12/28/2016 6:51:14,Blue,Male,19,
12/28/2016 7:00:51,Yellow,Male,,
12/28/2016 7:01:45,Green,Male,28,
12/28/2016 7:11:49,Blue,Female,31,
